steam_id_hash,leetify_id,privacy_mode,winrate,total_matches,first_match_date,rank_leetify,rank_premier,rank_faceit,rank_faceit_elo,rank_wingman,rating_aim,rating_positioning,rating_utility,rating_clutch,rating_opening,rating_ct_leetify,rating_t_leetify,stat_accuracy_head,stat_accuracy_enemy_spotted,stat_preaim,stat_reaction_time_ms,stat_spray_accuracy,stat_counter_strafing_good_shots_ratio,stat_ct_opening_aggression_success_rate,stat_ct_opening_duel_success_percentage,stat_t_opening_aggression_success_rate,stat_t_opening_duel_success_percentage,stat_traded_deaths_success_percentage,stat_trade_kill_opportunities_per_round,stat_trade_kills_success_percentage,stat_he_foes_damage_avg,stat_flashbang_thrown,stat_flashbang_leading_to_kill,stat_utility_on_death_avg,recent_matches_count,ban_count
3b5e1b9c92ddca64,ce4f6a6a-8e8a-45b9-bb79-038a63a317c4,public,0.4483,668,2020-03-16T00:21:14.000Z,-0.76,13340,5,,,16.8528,44.0382,65.9003,0.1112,-0.0121,-0.0036,-0.0119,17.2219,25.1462,12.2758,719.2131,26.0149,65.9468,31.1252,35.6119,35.062,39.4366,48.9962,0.2612,42.9785,8.915,8.0824,8.8689,288.3017,100,0
8fff39ac92ec5356,45ddec34-09a4-454f-9026-0f55997c50a8,public,0.5667,795,2020-03-17T21:43:46.000Z,3.2099999999999995,14260,4,,,66.2757,63.6831,59.7738,0.1239,0.0225,0.0254,0.0392,15.9093,32.9719,9.6044,608.0993,33.8416,82.0065,42.7389,57.761,48.5535,54.3514,55.0868,0.2679,46.0118,7.9197,11.5961,6.851,221.1173,100,0
35873c07871f095a,,not_found,,,,,,,,,,,,,,,,,,,,,,,,,,,,,,,,,,
14976a4b29dcf197,,not_found,,,,,,,,,,,,,,,,,,,,,,,,,,,,,,,,,,
7d49a5499071f3be,,not_found,,,,,,,,,,,,,,,,,,,,,,,,,,,,,,,,,,
77f754fed7cd9324,,not_found,,,,,,,,,,,,,,,,,,,,,,,,,,,,,,,,,,
7d36a6fa1442a126,,not_found,,,,,,,,,,,,,,,,,,,,,,,,,,,,,,,,,,
5718e71ac51d0950,,not_found,,,,,,,,,,,,,,,,,,,,,,,,,,,,,,,,,,
1f2fa9f846f1d13d,,not_found,,,,,,,,,,,,,,,,,,,,,,,,,,,,,,,,,,
c67cbc564e61ace2,f0756d72-28ee-4004-a673-19b794b0944f,public,0.3571,246,2020-03-26T23:19:05.000Z,0.5599999999999999,,9,,17,65.5422,48.0061,61.7623,0.1497,-0.0219,0.0099,0.0014,19.8138,32.0954,10.5168,591.0521,33.7318,78.2049,37.3037,40.4317,32.1875,38.8886,48.8878,0.293,42.3752,11.1505,14.4455,6.0634,273.6793,100,0
,,,,,,,,,,,,,,,,,,,,,,,,,,,,,,,,,,,,
aa4ad881c6bfd19b,,not_found,,,,,,,,,,,,,,,,,,,,,,,,,,,,,,,,,,
1372cd49c1e845ba,aef3d4fe-64c4-4990-87b3-50e00d13b230,public,0.6,293,2020-10-01T04:00:06.000Z,0.49,,6,,16,57.926,64.0576,69.2357,0.1191,0.0167,0.0142,-0.0047,23.6848,30.6543,11.4757,626.1542,35.3524,72.7346,47.0751,60.2622,36.822,49.6714,52.9194,0.3171,46.1242,13.7905,11.58,11.4692,294.9192,100,0
679870bff09ff003,,not_found,,,,,,,,,,,,,,,,,,,,,,,,,,,,,,,,,,
c8ed43d93fc14ceb,ebd073bc-6727-4035-8114-4aef7554b1d8,public,0.4483,166,2020-08-27T21:50:52.000Z,-2.06,12949,,,,33.7243,27.4253,70.2052,0.0979,-0.0038,-0.0213,-0.0198,18.9318,24.9526,10.7852,668.8627,27.9595,73.3416,26.0007,41.1513,2.3578,34.8496,39.2228,0.2261,38.1916,4.337,12.5728,6.4442,201.6408,100,0
9c9c23fd645d3f08,,not_found,,,,,,,,,,,,,,,,,,,,,,,,,,,,,,,,,,
5af4dd6e022efef1,,not_found,,,,,,,,,,,,,,,,,,,,,,,,,,,,,,,,,,
64f8b6b9283a36b8,,not_found,,,,,,,,,,,,,,,,,,,,,,,,,,,,,,,,,,
68687701c89e80df,,not_found,,,,,,,,,,,,,,,,,,,,,,,,,,,,,,,,,,
e147f35550f5e36f,,not_found,,,,,,,,,,,,,,,,,,,,,,,,,,,,,,,,,,
4aea141d331a19a8,,not_found,,,,,,,,,,,,,,,,,,,,,,,,,,,,,,,,,,
,,,,,,,,,,,,,,,,,,,,,,,,,,,,,,,,,,,,
4108d4591fed6e67,,not_found,,,,,,,,,,,,,,,,,,,,,,,,,,,,,,,,,,
d6465c323240b7a3,,not_found,,,,,,,,,,,,,,,,,,,,,,,,,,,,,,,,,,
eb67dd75d321a5d3,,not_found,,,,,,,,,,,,,,,,,,,,,,,,,,,,,,,,,,
82836e1a3e574a7a,,not_found,,,,,,,,,,,,,,,,,,,,,,,,,,,,,,,,,,
187eaab3e7cafe9f,,not_found,,,,,,,,,,,,,,,,,,,,,,,,,,,,,,,,,,
28ff46f7afafc92d,,not_found,,,,,,,,,,,,,,,,,,,,,,,,,,,,,,,,,,
fdbfbfbb99ed3366,,not_found,,,,,,,,,,,,,,,,,,,,,,,,,,,,,,,,,,
9c62e5e91d025181,,not_found,,,,,,,,,,,,,,,,,,,,,,,,,,,,,,,,,,
d8f6eb6be9a405c0,,not_found,,,,,,,,,,,,,,,,,,,,,,,,,,,,,,,,,,
6f83626432d7a553,,not_found,,,,,,,,,,,,,,,,,,,,,,,,,,,,,,,,,,
,,,,,,,,,,,,,,,,,,,,,,,,,,,,,,,,,,,,
fd92cbb09bf580ed,,not_found,,,,,,,,,,,,,,,,,,,,,,,,,,,,,,,,,,
6f469801fe0ca5b7,,not_found,,,,,,,,,,,,,,,,,,,,,,,,,,,,,,,,,,
8edfad809fc45ab5,,not_found,,,,,,,,,,,,,,,,,,,,,,,,,,,,,,,,,,
9629f76dff3574ca,,not_found,,,,,,,,,,,,,,,,,,,,,,,,,,,,,,,,,,
42c838519725bfbc,,not_found,,,,,,,,,,,,,,,,,,,,,,,,,,,,,,,,,,
40e63515cc8ebe6f,,not_found,,,,,,,,,,,,,,,,,,,,,,,,,,,,,,,,,,
869df82677b8637b,,not_found,,,,,,,,,,,,,,,,,,,,,,,,,,,,,,,,,,
1aa213f391042708,,not_found,,,,,,,,,,,,,,,,,,,,,,,,,,,,,,,,,,
f4736046ce472f68,,not_found,,,,,,,,,,,,,,,,,,,,,,,,,,,,,,,,,,
e77e458fbb067e85,,not_found,,,,,,,,,,,,,,,,,,,,,,,,,,,,,,,,,,
,,,,,,,,,,,,,,,,,,,,,,,,,,,,,,,,,,,,
8d82108afc4dba0d,,not_found,,,,,,,,,,,,,,,,,,,,,,,,,,,,,,,,,,
33a961830fdb0a42,,not_found,,,,,,,,,,,,,,,,,,,,,,,,,,,,,,,,,,
dd88e4c3eadf458b,5c735008-d896-47bc-bb0e-b6fd0195ab06,public,0.5,203,2020-06-08T00:25:07.000Z,-2.92,15358,,,17,39.7432,27.7595,64.4106,0.1106,-0.0438,-0.0246,-0.0336,18.7485,28.9375,11.4194,791.1081,31.8538,84.1366,22.6153,34.4597,3.9214,34.6872,49.5728,0.2416,31.928,5.8521,10.2576,3.3635,309.372,100,0
74e36e2b5727fb11,,not_found,,,,,,,,,,,,,,,,,,,,,,,,,,,,,,,,,,
cabe3d42ffd6b4d6,,not_found,,,,,,,,,,,,,,,,,,,,,,,,,,,,,,,,,,
ff35e97acdbaee24,,not_found,,,,,,,,,,,,,,,,,,,,,,,,,,,,,,,,,,
cb3a306c7375fff8,,not_found,,,,,,,,,,,,,,,,,,,,,,,,,,,,,,,,,,
03bb56b8b0de5df7,,not_found,,,,,,,,,,,,,,,,,,,,,,,,,,,,,,,,,,
f873ef823039d290,,not_found,,,,,,,,,,,,,,,,,,,,,,,,,,,,,,,,,,
2e197d475ee4dcbf,1ec8a8f2-8244-4eb1-981a-6ffe43ef0410,public,0.3214,2061,2020-02-14T20:36:19.000Z,-1.4500000000000002,20876,6,1239,14,50,45.2242,59.5097,0.0873,-0.0174,-0.0262,-0.0018,13.9817,31.0934,9.1698,626.5607,32.2883,73.4786,32.892,39.0447,23.0894,32.2793,46.9012,0.3517,40.8799,8.7499,10.0794,9.1872,244.2259,100,0
,,,,,,,,,,,,,,,,,,,,,,,,,,,,,,,,,,,,
e5f888e46e76d028,,not_found,,,,,,,,,,,,,,,,,,,,,,,,,,,,,,,,,,
f5456b65f6b336b2,,not_found,,,,,,,,,,,,,,,,,,,,,,,,,,,,,,,,,,
f05df0ac967689a3,,not_found,,,,,,,,,,,,,,,,,,,,,,,,,,,,,,,,,,
771b276a5cc02f0b,,not_found,,,,,,,,,,,,,,,,,,,,,,,,,,,,,,,,,,
647c396ee3bcb2f2,,not_found,,,,,,,,,,,,,,,,,,,,,,,,,,,,,,,,,,
353d8e876ea51c20,,not_found,,,,,,,,,,,,,,,,,,,,,,,,,,,,,,,,,,
66b97e701b7f6bee,,not_found,,,,,,,,,,,,,,,,,,,,,,,,,,,,,,,,,,
d08037e2fb6fec00,,not_found,,,,,,,,,,,,,,,,,,,,,,,,,,,,,,,,,,
08c797a3961d79b6,,not_found,,,,,,,,,,,,,,,,,,,,,,,,,,,,,,,,,,
cc27f344ce169867,,not_found,,,,,,,,,,,,,,,,,,,,,,,,,,,,,,,,,,
,,,,,,,,,,,,,,,,,,,,,,,,,,,,,,,,,,,,
8a37dc840d642da2,,not_found,,,,,,,,,,,,,,,,,,,,,,,,,,,,,,,,,,
d3d21595892caa5b,,not_found,,,,,,,,,,,,,,,,,,,,,,,,,,,,,,,,,,
627b6b51bb20f828,,not_found,,,,,,,,,,,,,,,,,,,,,,,,,,,,,,,,,,
3d1343a131a35140,,not_found,,,,,,,,,,,,,,,,,,,,,,,,,,,,,,,,,,
50e246fa90f2c332,,not_found,,,,,,,,,,,,,,,,,,,,,,,,,,,,,,,,,,
a4516713be68c770,,not_found,,,,,,,,,,,,,,,,,,,,,,,,,,,,,,,,,,
1b5520dafab4caf8,,not_found,,,,,,,,,,,,,,,,,,,,,,,,,,,,,,,,,,
92dd56cc4ca4ae72,,not_found,,,,,,,,,,,,,,,,,,,,,,,,,,,,,,,,,,
7bb2ea3855219410,,not_found,,,,,,,,,,,,,,,,,,,,,,,,,,,,,,,,,,
747218cd3302997a,,not_found,,,,,,,,,,,,,,,,,,,,,,,,,,,,,,,,,,
,,,,,,,,,,,,,,,,,,,,,,,,,,,,,,,,,,,,
ba8fe3673a38b94a,,not_found,,,,,,,,,,,,,,,,,,,,,,,,,,,,,,,,,,
a12b702e3ecebffa,,not_found,,,,,,,,,,,,,,,,,,,,,,,,,,,,,,,,,,
f184a7ecc33f81e0,,not_found,,,,,,,,,,,,,,,,,,,,,,,,,,,,,,,,,,
d854e6fa1eef358c,,not_found,,,,,,,,,,,,,,,,,,,,,,,,,,,,,,,,,,
548b2dced43c5eec,,not_found,,,,,,,,,,,,,,,,,,,,,,,,,,,,,,,,,,
794dae5c90a79829,,not_found,,,,,,,,,,,,,,,,,,,,,,,,,,,,,,,,,,
12c412c7d84b23d7,,not_found,,,,,,,,,,,,,,,,,,,,,,,,,,,,,,,,,,
8545238b8b45671c,,not_found,,,,,,,,,,,,,,,,,,,,,,,,,,,,,,,,,,
fc1882efe399abef,,not_found,,,,,,,,,,,,,,,,,,,,,,,,,,,,,,,,,,
4b553085307840c4,,not_found,,,,,,,,,,,,,,,,,,,,,,,,,,,,,,,,,,
,,,,,,,,,,,,,,,,,,,,,,,,,,,,,,,,,,,,
0be8af594161805a,,not_found,,,,,,,,,,,,,,,,,,,,,,,,,,,,,,,,,,
2d133e446ebbfe71,,not_found,,,,,,,,,,,,,,,,,,,,,,,,,,,,,,,,,,
2cbc3aaecae95156,,not_found,,,,,,,,,,,,,,,,,,,,,,,,,,,,,,,,,,
a9e5814371036bb5,,not_found,,,,,,,,,,,,,,,,,,,,,,,,,,,,,,,,,,
8f578011f79f2f51,,not_found,,,,,,,,,,,,,,,,,,,,,,,,,,,,,,,,,,
ef59377be8ac0346,,not_found,,,,,,,,,,,,,,,,,,,,,,,,,,,,,,,,,,
dfbc641df53dc586,,not_found,,,,,,,,,,,,,,,,,,,,,,,,,,,,,,,,,,
d2c8e450653ce294,,not_found,,,,,,,,,,,,,,,,,,,,,,,,,,,,,,,,,,
448f270506827b58,,not_found,,,,,,,,,,,,,,,,,,,,,,,,,,,,,,,,,,
70fc7df5ac233c43,,not_found,,,,,,,,,,,,,,,,,,,,,,,,,,,,,,,,,,
,,,,,,,,,,,,,,,,,,,,,,,,,,,,,,,,,,,,
10b43e83ea5c928f,,not_found,,,,,,,,,,,,,,,,,,,,,,,,,,,,,,,,,,
64d83aa42baa0d6a,,not_found,,,,,,,,,,,,,,,,,,,,,,,,,,,,,,,,,,
2ba5b21b461885b5,,not_found,,,,,,,,,,,,,,,,,,,,,,,,,,,,,,,,,,
427b787922775795,,not_found,,,,,,,,,,,,,,,,,,,,,,,,,,,,,,,,,,
be0910d999f2b261,,not_found,,,,,,,,,,,,,,,,,,,,,,,,,,,,,,,,,,
063b2443e7002c2c,,not_found,,,,,,,,,,,,,,,,,,,,,,,,,,,,,,,,,,
514dadce62a47566,,not_found,,,,,,,,,,,,,,,,,,,,,,,,,,,,,,,,,,
2ee15ff53e2a0349,,not_found,,,,,,,,,,,,,,,,,,,,,,,,,,,,,,,,,,
5bfb2b096d3f5148,,not_found,,,,,,,,,,,,,,,,,,,,,,,,,,,,,,,,,,
dc42ca342850ff66,,not_found,,,,,,,,,,,,,,,,,,,,,,,,,,,,,,,,,,
,,,,,,,,,,,,,,,,,,,,,,,,,,,,,,,,,,,,
92abd7769b07efc4,,not_found,,,,,,,,,,,,,,,,,,,,,,,,,,,,,,,,,,
2e8596705788797e,,not_found,,,,,,,,,,,,,,,,,,,,,,,,,,,,,,,,,,
a09c89303c8b97cc,,not_found,,,,,,,,,,,,,,,,,,,,,,,,,,,,,,,,,,
2b3d2873337c2edf,,not_found,,,,,,,,,,,,,,,,,,,,,,,,,,,,,,,,,,
6e5f6dfcf60fb9bb,,not_found,,,,,,,,,,,,,,,,,,,,,,,,,,,,,,,,,,
ce6c76b1d74d1e17,,not_found,,,,,,,,,,,,,,,,,,,,,,,,,,,,,,,,,,
142f12b0a51506ea,,not_found,,,,,,,,,,,,,,,,,,,,,,,,,,,,,,,,,,
837aeada73724d32,,not_found,,,,,,,,,,,,,,,,,,,,,,,,,,,,,,,,,,
6a9b8bde34fc3964,,not_found,,,,,,,,,,,,,,,,,,,,,,,,,,,,,,,,,,
22d6efdf391e67aa,,not_found,,,,,,,,,,,,,,,,,,,,,,,,,,,,,,,,,,
,,,,,,,,,,,,,,,,,,,,,,,,,,,,,,,,,,,,
45e0de5d31f2d499,,not_found,,,,,,,,,,,,,,,,,,,,,,,,,,,,,,,,,,
a613e3b74e85ee44,,not_found,,,,,,,,,,,,,,,,,,,,,,,,,,,,,,,,,,
8375459735539082,,not_found,,,,,,,,,,,,,,,,,,,,,,,,,,,,,,,,,,
9ff1db9bdcb2b0ff,,not_found,,,,,,,,,,,,,,,,,,,,,,,,,,,,,,,,,,
2008b4f8024deb60,,not_found,,,,,,,,,,,,,,,,,,,,,,,,,,,,,,,,,,
151e47748afbd370,,not_found,,,,,,,,,,,,,,,,,,,,,,,,,,,,,,,,,,
d04b33ff224339d9,0babd2d7-7356-44ba-961c-0eb6c0d437d3,public,0.3333,1463,2020-08-22T19:41:41.000Z,0.61,23662,7,1579,16,59.4835,59.8706,72.2734,0.1082,0.0148,0.0162,-0.0035,17.3364,34.5755,9.7827,628.5766,34.8778,72.3943,43.5078,52.4843,35.8407,44.3985,43.5518,0.3522,49.7045,12.1479,9.9047,6.6916,327.5891,100,0
27a207db54e4a141,,not_found,,,,,,,,,,,,,,,,,,,,,,,,,,,,,,,,,,
197d1dd4bc7bc456,,not_found,,,,,,,,,,,,,,,,,,,,,,,,,,,,,,,,,,
ddc965ba9832615b,d255f929-5415-4421-b7bf-33d1fd048444,public,0.5357,1549,2020-04-06T13:54:59.000Z,2.62,17924,,,,71.226,53.5856,72.9293,0.159,0.016,0.0133,0.0386,19.8446,36.4132,11.9457,598.3838,35.9765,80.6046,30.6065,44.3936,30.9888,40.0105,49.1498,0.3638,45.472,11.063,12.5673,10.6835,220.1896,100,0
,,,,,,,,,,,,,,,,,,,,,,,,,,,,,,,,,,,,
b84218f27eaa47e7,,not_found,,,,,,,,,,,,,,,,,,,,,,,,,,,,,,,,,,
0f799388120f7a54,,not_found,,,,,,,,,,,,,,,,,,,,,,,,,,,,,,,,,,
b3a1072c4a8fb1c9,,not_found,,,,,,,,,,,,,,,,,,,,,,,,,,,,,,,,,,
26a9fa1c4911d5fb,,not_found,,,,,,,,,,,,,,,,,,,,,,,,,,,,,,,,,,
d52a3c915092392c,,not_found,,,,,,,,,,,,,,,,,,,,,,,,,,,,,,,,,,
df0e0c53a9b26bed,,not_found,,,,,,,,,,,,,,,,,,,,,,,,,,,,,,,,,,
2d9f280a4eceb360,,not_found,,,,,,,,,,,,,,,,,,,,,,,,,,,,,,,,,,
02abf16262c14a04,,not_found,,,,,,,,,,,,,,,,,,,,,,,,,,,,,,,,,,
3de41e705a0defd4,,not_found,,,,,,,,,,,,,,,,,,,,,,,,,,,,,,,,,,
f7cc271db2557a64,,not_found,,,,,,,,,,,,,,,,,,,,,,,,,,,,,,,,,,
,,,,,,,,,,,,,,,,,,,,,,,,,,,,,,,,,,,,
0b52e15c73d7f1e8,,not_found,,,,,,,,,,,,,,,,,,,,,,,,,,,,,,,,,,
6b70b7f24582f61f,,not_found,,,,,,,,,,,,,,,,,,,,,,,,,,,,,,,,,,
28dc80eb5ca58c4d,,not_found,,,,,,,,,,,,,,,,,,,,,,,,,,,,,,,,,,
9a238bb5eb6e67ba,,not_found,,,,,,,,,,,,,,,,,,,,,,,,,,,,,,,,,,
845734045e091aff,34bb8634-4e41-4727-b728-48606abd8e89,public,0.5333,183,2020-11-04T01:57:57.000Z,2.34,25100,,,,59.8706,70.5402,62.7233,0.1555,0.0358,0.0146,0.0323,20.4694,31.3263,11.1285,634.3484,35.6592,77.5569,42.6354,58.8373,47.9207,55.1441,54.6545,0.3625,47.6349,8.7626,9.7884,11.2064,272.7334,100,0
5e5c9a5df7f46ce4,,not_found,,,,,,,,,,,,,,,,,,,,,,,,,,,,,,,,,,
01c76f7c8b03e37c,,not_found,,,,,,,,,,,,,,,,,,,,,,,,,,,,,,,,,,
82478318a411959c,,not_found,,,,,,,,,,,,,,,,,,,,,,,,,,,,,,,,,,
d5c36353603dfa67,,not_found,,,,,,,,,,,,,,,,,,,,,,,,,,,,,,,,,,
5c78610fba94c684,,not_found,,,,,,,,,,,,,,,,,,,,,,,,,,,,,,,,,,
,,,,,,,,,,,,,,,,,,,,,,,,,,,,,,,,,,,,
2f51a7d4fba1fc56,,not_found,,,,,,,,,,,,,,,,,,,,,,,,,,,,,,,,,,
b135823fc81c10dc,,not_found,,,,,,,,,,,,,,,,,,,,,,,,,,,,,,,,,,
9a432d331aa97fca,,not_found,,,,,,,,,,,,,,,,,,,,,,,,,,,,,,,,,,
3b4cd153821a2812,,not_found,,,,,,,,,,,,,,,,,,,,,,,,,,,,,,,,,,
fcb5dd2d8261d786,,not_found,,,,,,,,,,,,,,,,,,,,,,,,,,,,,,,,,,
f0ac8b101f4b8803,,not_found,,,,,,,,,,,,,,,,,,,,,,,,,,,,,,,,,,
177e26faa6bc2705,,not_found,,,,,,,,,,,,,,,,,,,,,,,,,,,,,,,,,,
de0e207f2cbd6b0a,,not_found,,,,,,,,,,,,,,,,,,,,,,,,,,,,,,,,,,
03a11efffd4432b5,,not_found,,,,,,,,,,,,,,,,,,,,,,,,,,,,,,,,,,
d478cfc0b59afd75,,not_found,,,,,,,,,,,,,,,,,,,,,,,,,,,,,,,,,,
,,,,,,,,,,,,,,,,,,,,,,,,,,,,,,,,,,,,
7ed485ff1449bc8f,,not_found,,,,,,,,,,,,,,,,,,,,,,,,,,,,,,,,,,
9899b02198d4a24a,,not_found,,,,,,,,,,,,,,,,,,,,,,,,,,,,,,,,,,
cf24f51938e428a5,,not_found,,,,,,,,,,,,,,,,,,,,,,,,,,,,,,,,,,
be06c6ecc124cd10,,not_found,,,,,,,,,,,,,,,,,,,,,,,,,,,,,,,,,,
19b8c5341581a290,,not_found,,,,,,,,,,,,,,,,,,,,,,,,,,,,,,,,,,
8ad55cb43f081d34,,not_found,,,,,,,,,,,,,,,,,,,,,,,,,,,,,,,,,,
bcc5e9cd9bff525b,b2b675e4-7a1a-49ab-bd6e-c8b9eae46542,public,0.7241,1017,2020-02-01T20:39:42.000Z,1.41,24739,4,1000,,75.8036,52.7903,64.6772,0.1325,-0.0055,0.0039,0.0259,25.334,31.5886,9.9356,642.4736,32.0436,87.6605,27.7741,41.5942,48.0643,53.2817,50.1952,0.2572,46.392,7.5126,10.0575,8.5334,201.7143,100,0
55e375c3764619ec,,not_found,,,,,,,,,,,,,,,,,,,,,,,,,,,,,,,,,,
1f0ba65636797774,,not_found,,,,,,,,,,,,,,,,,,,,,,,,,,,,,,,,,,
80959c1f2c2fef39,,not_found,,,,,,,,,,,,,,,,,,,,,,,,,,,,,,,,,,
,,,,,,,,,,,,,,,,,,,,,,,,,,,,,,,,,,,,
7fc2d8a7489a316c,,not_found,,,,,,,,,,,,,,,,,,,,,,,,,,,,,,,,,,
d7463e91facc002f,,not_found,,,,,,,,,,,,,,,,,,,,,,,,,,,,,,,,,,
43a5feafd9c4b77a,,not_found,,,,,,,,,,,,,,,,,,,,,,,,,,,,,,,,,,
eeb40dc00b0d2745,0fef9a38-7a08-4192-bd14-12c4f990c1cf,public,0.5667,243,2020-11-05T22:10:02.000Z,-0.69,18300,3,,,75.8036,51.5953,36.8315,0.1364,-0.0004,-0.0166,0.0027,22.4153,32.0586,9.5864,670.1776,36.5999,88.6271,39.2418,47.8884,17.4429,42.1272,48.1973,0.3106,51.0881,9.3245,19.6463,8.6246,263.9821,100,0
5d7591373f869485,,not_found,,,,,,,,,,,,,,,,,,,,,,,,,,,,,,,,,,
0adf55aa3f1b9e1c,,not_found,,,,,,,,,,,,,,,,,,,,,,,,,,,,,,,,,,
fdd1df8222b936a7,,not_found,,,,,,,,,,,,,,,,,,,,,,,,,,,,,,,,,,
a6200e2660436d22,,not_found,,,,,,,,,,,,,,,,,,,,,,,,,,,,,,,,,,
ffc3123c9611f402,,not_found,,,,,,,,,,,,,,,,,,,,,,,,,,,,,,,,,,
1fe9f53824c5f65c,,not_found,,,,,,,,,,,,,,,,,,,,,,,,,,,,,,,,,,
,,,,,,,,,,,,,,,,,,,,,,,,,,,,,,,,,,,,
399e04b24904583b,,not_found,,,,,,,,,,,,,,,,,,,,,,,,,,,,,,,,,,
c685625e5ad8155f,,not_found,,,,,,,,,,,,,,,,,,,,,,,,,,,,,,,,,,
73570326ed1ee778,,not_found,,,,,,,,,,,,,,,,,,,,,,,,,,,,,,,,,,
8396168751732b37,,not_found,,,,,,,,,,,,,,,,,,,,,,,,,,,,,,,,,,
5b1c8edd07a77fb4,,not_found,,,,,,,,,,,,,,,,,,,,,,,,,,,,,,,,,,
94ad7d436bc4672e,,not_found,,,,,,,,,,,,,,,,,,,,,,,,,,,,,,,,,,
f3b137c758547486,,not_found,,,,,,,,,,,,,,,,,,,,,,,,,,,,,,,,,,
55d4e7f9a6c73c2c,,not_found,,,,,,,,,,,,,,,,,,,,,,,,,,,,,,,,,,
7cb7c89e78b0f45c,,not_found,,,,,,,,,,,,,,,,,,,,,,,,,,,,,,,,,,
332ca19045492974,,not_found,,,,,,,,,,,,,,,,,,,,,,,,,,,,,,,,,,
,,,,,,,,,,,,,,,,,,,,,,,,,,,,,,,,,,,,
0de73b80fd5e06e1,,not_found,,,,,,,,,,,,,,,,,,,,,,,,,,,,,,,,,,
a04b12c4049abb85,,not_found,,,,,,,,,,,,,,,,,,,,,,,,,,,,,,,,,,
9e01de04e5083cf3,,not_found,,,,,,,,,,,,,,,,,,,,,,,,,,,,,,,,,,
4f82e389cb91cb45,,not_found,,,,,,,,,,,,,,,,,,,,,,,,,,,,,,,,,,
b46d6bb3d0a77d27,,not_found,,,,,,,,,,,,,,,,,,,,,,,,,,,,,,,,,,
fbf23043ccb8a187,,not_found,,,,,,,,,,,,,,,,,,,,,,,,,,,,,,,,,,
3df36fe24494846c,,not_found,,,,,,,,,,,,,,,,,,,,,,,,,,,,,,,,,,
381baeebbaf5ec7e,,not_found,,,,,,,,,,,,,,,,,,,,,,,,,,,,,,,,,,
01d803f6dd479efb,,not_found,,,,,,,,,,,,,,,,,,,,,,,,,,,,,,,,,,
de94b29b6db1ed7b,,not_found,,,,,,,,,,,,,,,,,,,,,,,,,,,,,,,,,,
,,,,,,,,,,,,,,,,,,,,,,,,,,,,,,,,,,,,
7f2b1675aeec2960,,not_found,,,,,,,,,,,,,,,,,,,,,,,,,,,,,,,,,,
8c46e99a577d2183,,not_found,,,,,,,,,,,,,,,,,,,,,,,,,,,,,,,,,,
1847c7e478a39e79,,not_found,,,,,,,,,,,,,,,,,,,,,,,,,,,,,,,,,,
0e584888a9d18a11,,not_found,,,,,,,,,,,,,,,,,,,,,,,,,,,,,,,,,,
edcf5a0c3e70d533,,not_found,,,,,,,,,,,,,,,,,,,,,,,,,,,,,,,,,,
c84994941b0a83ee,,not_found,,,,,,,,,,,,,,,,,,,,,,,,,,,,,,,,,,
b9df29c0e7c73242,,not_found,,,,,,,,,,,,,,,,,,,,,,,,,,,,,,,,,,
eab0f0a71cd9b19d,,not_found,,,,,,,,,,,,,,,,,,,,,,,,,,,,,,,,,,
39edd89f7caf7a2a,,not_found,,,,,,,,,,,,,,,,,,,,,,,,,,,,,,,,,,
2a46b33e79746b61,,not_found,,,,,,,,,,,,,,,,,,,,,,,,,,,,,,,,,,
,,,,,,,,,,,,,,,,,,,,,,,,,,,,,,,,,,,,
e5c7b7030ed2f4d6,,not_found,,,,,,,,,,,,,,,,,,,,,,,,,,,,,,,,,,
595758ff54bcecec,,not_found,,,,,,,,,,,,,,,,,,,,,,,,,,,,,,,,,,
83ce928e285b8588,,not_found,,,,,,,,,,,,,,,,,,,,,,,,,,,,,,,,,,
37e1994322ead60a,,not_found,,,,,,,,,,,,,,,,,,,,,,,,,,,,,,,,,,
281a776ea84cf110,,not_found,,,,,,,,,,,,,,,,,,,,,,,,,,,,,,,,,,
ac3314096f5f4a57,,not_found,,,,,,,,,,,,,,,,,,,,,,,,,,,,,,,,,,
bb97f596aff2b0af,,not_found,,,,,,,,,,,,,,,,,,,,,,,,,,,,,,,,,,
98e31ff0ffca189c,,not_found,,,,,,,,,,,,,,,,,,,,,,,,,,,,,,,,,,
60856ca610fa3dc5,,not_found,,,,,,,,,,,,,,,,,,,,,,,,,,,,,,,,,,
2c3d934ebcc08435,,not_found,,,,,,,,,,,,,,,,,,,,,,,,,,,,,,,,,,
,,,,,,,,,,,,,,,,,,,,,,,,,,,,,,,,,,,,
55a14b8b8685c50e,d94b84f7-d1cc-4829-a100-14e46ec3f7de,public,0.4333,689,2021-12-18T20:02:41.000Z,-0.16,18602,4,,10,62.93,57.926,55.8694,0.0659,0.0102,0.0031,-0.0068,15.0566,38.0703,9.4606,629.8985,38.8299,69.3994,51.3264,51.3264,41.1794,44.3078,58.4219,0.2709,36.6046,5.4199,9.9923,4.7448,182.2569,100,0
cb3584b95b63a2fe,6cbe5cae-a93d-43ea-91bc-12552a35c097,public,0.5185,515,2021-11-08T01:58:33.000Z,-0.37,17040,6,918,,67.0031,47.6078,64.1024,0.1027,0.0057,-0.0041,-0.0032,23.0053,30.8349,9.8843,714.9352,36.2425,85.7384,35.4932,49.1656,21.0357,26.7794,53.5649,0.3276,41.5309,9.9167,9.7894,8.1115,283.2813,100,0
b3910c3def9db977,,not_found,,,,,,,,,,,,,,,,,,,,,,,,,,,,,,,,,,
e9fc21635210fa06,,not_found,,,,,,,,,,,,,,,,,,,,,,,,,,,,,,,,,,
38ecbbf04c35bb09,,not_found,,,,,,,,,,,,,,,,,,,,,,,,,,,,,,,,,,
505ad28384b8aaad,,not_found,,,,,,,,,,,,,,,,,,,,,,,,,,,,,,,,,,
d088be8e4cbb98dd,,not_found,,,,,,,,,,,,,,,,,,,,,,,,,,,,,,,,,,
ed5b1a3c4dda8c26,,not_found,,,,,,,,,,,,,,,,,,,,,,,,,,,,,,,,,,
0c55f9a389d76c46,,not_found,,,,,,,,,,,,,,,,,,,,,,,,,,,,,,,,,,
a7898e0686ca1146,,not_found,,,,,,,,,,,,,,,,,,,,,,,,,,,,,,,,,,
,,,,,,,,,,,,,,,,,,,,,,,,,,,,,,,,,,,,
8e19955bce003c5c,,not_found,,,,,,,,,,,,,,,,,,,,,,,,,,,,,,,,,,
a3637dd7add62cf4,,not_found,,,,,,,,,,,,,,,,,,,,,,,,,,,,,,,,,,
43fee211fee88af8,,not_found,,,,,,,,,,,,,,,,,,,,,,,,,,,,,,,,,,
39a6b6d43b6120d8,,not_found,,,,,,,,,,,,,,,,,,,,,,,,,,,,,,,,,,
e7de50d8d5126e6c,f7117d69-687d-45ff-8602-536980e2fef1,public,0.4643,1408,2020-07-24T04:11:57.000Z,-0.64,18777,6,,15,67.3645,49.6011,55.451,0.1096,0.0006,-0.0139,0.0023,21.7109,32.2259,10.0513,679.5337,30.9708,87.1475,34.5427,49.9233,42.6383,43.3772,49.3132,0.2753,34.4302,8.3147,6.0575,5.9395,309.6782,100,0
cc14e061f21d3a72,15cfd70c-beb6-4130-90a7-2c96fd97a965,public,0.4286,317,2021-02-20T02:18:20.000Z,-0.59,,,,,20.6108,44.8283,17.7439,0.0682,-0.0196,-0.0039,-0.0077,14.047,29.5276,13.7093,685.6593,31.7856,64.9673,44.5057,53.8843,0,34.3605,51.1651,0.2866,44.6253,7.8989,16.6341,5.3267,273.1793,100,0
d9300ca31f89310a,,not_found,,,,,,,,,,,,,,,,,,,,,,,,,,,,,,,,,,
e7defc3549b0cc2c,,not_found,,,,,,,,,,,,,,,,,,,,,,,,,,,,,,,,,,
8e4a79ec4ed826ea,,not_found,,,,,,,,,,,,,,,,,,,,,,,,,,,,,,,,,,
3ce56a606a19db0c,,not_found,,,,,,,,,,,,,,,,,,,,,,,,,,,,,,,,,,
,,,,,,,,,,,,,,,,,,,,,,,,,,,,,,,,,,,,
447bb984a9fc1859,,not_found,,,,,,,,,,,,,,,,,,,,,,,,,,,,,,,,,,
d762b2beca7056e4,,not_found,,,,,,,,,,,,,,,,,,,,,,,,,,,,,,,,,,
d9fe66ba5c7fe721,,not_found,,,,,,,,,,,,,,,,,,,,,,,,,,,,,,,,,,
533503d65cb1a316,,not_found,,,,,,,,,,,,,,,,,,,,,,,,,,,,,,,,,,
e27e5e4418f5a22b,,not_found,,,,,,,,,,,,,,,,,,,,,,,,,,,,,,,,,,
12daaf0143f9d381,,not_found,,,,,,,,,,,,,,,,,,,,,,,,,,,,,,,,,,
148dc81715659bdb,,not_found,,,,,,,,,,,,,,,,,,,,,,,,,,,,,,,,,,
57fcf4e4432124d9,,not_found,,,,,,,,,,,,,,,,,,,,,,,,,,,,,,,,,,
4570163956143df2,,not_found,,,,,,,,,,,,,,,,,,,,,,,,,,,,,,,,,,
fb425b14a6a4fcfb,,not_found,,,,,,,,,,,,,,,,,,,,,,,,,,,,,,,,,,
,,,,,,,,,,,,,,,,,,,,,,,,,,,,,,,,,,,,
8038c00c2066be69,,not_found,,,,,,,,,,,,,,,,,,,,,,,,,,,,,,,,,,
124062d2fa9d579a,,not_found,,,,,,,,,,,,,,,,,,,,,,,,,,,,,,,,,,
d047bb91157a5545,,not_found,,,,,,,,,,,,,,,,,,,,,,,,,,,,,,,,,,
461d88dfb7ebdbba,,not_found,,,,,,,,,,,,,,,,,,,,,,,,,,,,,,,,,,
810964c8ef58d42d,,not_found,,,,,,,,,,,,,,,,,,,,,,,,,,,,,,,,,,
bf36802755247e0f,,not_found,,,,,,,,,,,,,,,,,,,,,,,,,,,,,,,,,,
da63849e5ec75754,,not_found,,,,,,,,,,,,,,,,,,,,,,,,,,,,,,,,,,
42d935e10fc35a06,,not_found,,,,,,,,,,,,,,,,,,,,,,,,,,,,,,,,,,
3d22d5abd98b25c2,,not_found,,,,,,,,,,,,,,,,,,,,,,,,,,,,,,,,,,
15786a13fdba9943,,not_found,,,,,,,,,,,,,,,,,,,,,,,,,,,,,,,,,,
,,,,,,,,,,,,,,,,,,,,,,,,,,,,,,,,,,,,
807813a0ab4d66a0,,not_found,,,,,,,,,,,,,,,,,,,,,,,,,,,,,,,,,,
a9cf1efcbe18b906,,not_found,,,,,,,,,,,,,,,,,,,,,,,,,,,,,,,,,,
4d6e1038763fd0a0,,not_found,,,,,,,,,,,,,,,,,,,,,,,,,,,,,,,,,,
1fb4fd9ddec25f27,,not_found,,,,,,,,,,,,,,,,,,,,,,,,,,,,,,,,,,
d4d2a76c8f4f1a27,,not_found,,,,,,,,,,,,,,,,,,,,,,,,,,,,,,,,,,
f825ef006a029151,,not_found,,,,,,,,,,,,,,,,,,,,,,,,,,,,,,,,,,
669cddb6c540ec08,,not_found,,,,,,,,,,,,,,,,,,,,,,,,,,,,,,,,,,
641b27b701d67e65,,not_found,,,,,,,,,,,,,,,,,,,,,,,,,,,,,,,,,,
1029ca61b1ccbbdf,,not_found,,,,,,,,,,,,,,,,,,,,,,,,,,,,,,,,,,
06451a0f313c0a20,,not_found,,,,,,,,,,,,,,,,,,,,,,,,,,,,,,,,,,
,,,,,,,,,,,,,,,,,,,,,,,,,,,,,,,,,,,,
a41fcce8dd34d557,,not_found,,,,,,,,,,,,,,,,,,,,,,,,,,,,,,,,,,
0764a5d49395ab8e,,not_found,,,,,,,,,,,,,,,,,,,,,,,,,,,,,,,,,,
86d2d18cf58e6311,,not_found,,,,,,,,,,,,,,,,,,,,,,,,,,,,,,,,,,
11c9d21d4bc4c0ea,,not_found,,,,,,,,,,,,,,,,,,,,,,,,,,,,,,,,,,
aa5b6e5600f9fc92,,not_found,,,,,,,,,,,,,,,,,,,,,,,,,,,,,,,,,,
ef1705bb61dedf70,,not_found,,,,,,,,,,,,,,,,,,,,,,,,,,,,,,,,,,
4490703b7ca8f28d,,not_found,,,,,,,,,,,,,,,,,,,,,,,,,,,,,,,,,,
7c9ddf916e0aca03,,not_found,,,,,,,,,,,,,,,,,,,,,,,,,,,,,,,,,,
42a469b0c0a12c19,,not_found,,,,,,,,,,,,,,,,,,,,,,,,,,,,,,,,,,
00e88f4f34ea8ca9,,not_found,,,,,,,,,,,,,,,,,,,,,,,,,,,,,,,,,,
,,,,,,,,,,,,,,,,,,,,,,,,,,,,,,,,,,,,
d757058b674af76d,,not_found,,,,,,,,,,,,,,,,,,,,,,,,,,,,,,,,,,
1b6ee046a9cf067d,,not_found,,,,,,,,,,,,,,,,,,,,,,,,,,,,,,,,,,
eacf4eb4ea6044ca,,not_found,,,,,,,,,,,,,,,,,,,,,,,,,,,,,,,,,,
ca2ebc623be83206,,not_found,,,,,,,,,,,,,,,,,,,,,,,,,,,,,,,,,,
9fe6dc0639ae86a2,,not_found,,,,,,,,,,,,,,,,,,,,,,,,,,,,,,,,,,
3216a01d4598178d,,not_found,,,,,,,,,,,,,,,,,,,,,,,,,,,,,,,,,,
62a2a431c39f21ad,,not_found,,,,,,,,,,,,,,,,,,,,,,,,,,,,,,,,,,
90f91588df0d7f24,,not_found,,,,,,,,,,,,,,,,,,,,,,,,,,,,,,,,,,
b2a9fa8d57dea83d,,not_found,,,,,,,,,,,,,,,,,,,,,,,,,,,,,,,,,,
a5ee7a1295199d69,c07e00c2-1526-4c4f-8204-b6a5685b0c6a,public,0.3667,891,2020-07-30T04:28:45.000Z,-1.77,15206,4,,,68.4386,44.0382,64.7859,0.05,-0.002,-0.0138,-0.0216,19.2705,35.0743,8.8228,657.5671,35.4634,77.4414,33.1935,42.1746,36.0287,43.9887,47.7767,0.2182,43.2316,14.037,7.9527,4.3864,278.9741,100,0
,,,,,,,,,,,,,,,,,,,,,,,,,,,,,,,,,,,,
62d716917b93f7b6,cd1b86d5-cda3-458c-b257-6019eb9883f4,public,0.5926,2280,2021-12-15T02:26:26.000Z,1.48,,7,1503,14,79.103,61.4092,47.7076,0.0792,0.0322,0.0228,0.007,21.2086,34.3611,10.2308,609.4416,40.7761,83.659,51.1526,65.8444,33.4499,38.2955,54.7288,0.2567,53.0456,9.8301,5.7484,12.8267,348.3653,100,0
cbbc0ecefa33ec42,,not_found,,,,,,,,,,,,,,,,,,,,,,,,,,,,,,,,,,
7a2d6b8301a1ea32,,not_found,,,,,,,,,,,,,,,,,,,,,,,,,,,,,,,,,,
4aa3e4c8d9078b4d,768952a0-b2b7-423d-865b-d9c5b80a911a,public,0.5333,56,2022-05-21T16:47:25.000Z,3.6700000000000004,9155,,,10,59.8706,52.3922,76.4729,0.1889,0.0018,0.0256,0.0471,15.7166,37.2333,12.3313,723.1887,40.6429,83.0655,35.296,43.7905,37.1719,42.57,48.8091,0.2597,54.0058,7.2061,9.6194,5.184,165.4774,51,0
78f997091729da33,,not_found,,,,,,,,,,,,,,,,,,,,,,,,,,,,,,,,,,
7e136cabb45da3ff,,not_found,,,,,,,,,,,,,,,,,,,,,,,,,,,,,,,,,,
13d81c7e4edba738,,not_found,,,,,,,,,,,,,,,,,,,,,,,,,,,,,,,,,,
4b1d1494e65e15bb,,not_found,,,,,,,,,,,,,,,,,,,,,,,,,,,,,,,,,,
0113142e7e9e57b0,,not_found,,,,,,,,,,,,,,,,,,,,,,,,,,,,,,,,,,
90e322e610b97bfb,,not_found,,,,,,,,,,,,,,,,,,,,,,,,,,,,,,,,,,
,,,,,,,,,,,,,,,,,,,,,,,,,,,,,,,,,,,,
8ddea8f41d56d481,,not_found,,,,,,,,,,,,,,,,,,,,,,,,,,,,,,,,,,
c1735ee8321d9b6b,,not_found,,,,,,,,,,,,,,,,,,,,,,,,,,,,,,,,,,
5ac87b993ef6eb3d,,not_found,,,,,,,,,,,,,,,,,,,,,,,,,,,,,,,,,,
8fe6b7fcbda0c1c9,91a3a46e-7d7e-492a-814d-e8cf269b6252,public,0.3,251,2020-07-19T17:05:17.000Z,-3.35,,,,,22.6627,39.7432,49.6327,0.0912,-0.0354,-0.0169,-0.0495,13.9356,29.0529,12.3302,731.176,29.8239,70.6731,33.8129,38.8467,20.3894,25.5498,48.5256,0.2687,46.3027,9.3468,7.0169,2.2936,180.3029,100,0
e1af848b24e3b404,,not_found,,,,,,,,,,,,,,,,,,,,,,,,,,,,,,,,,,
0565e034a2fd073d,,not_found,,,,,,,,,,,,,,,,,,,,,,,,,,,,,,,,,,
686dc07b53f062fa,,not_found,,,,,,,,,,,,,,,,,,,,,,,,,,,,,,,,,,
2c3648ab694cbf38,,not_found,,,,,,,,,,,,,,,,,,,,,,,,,,,,,,,,,,
42dfa9be094a580c,,not_found,,,,,,,,,,,,,,,,,,,,,,,,,,,,,,,,,,
f25e9058a928e504,,not_found,,,,,,,,,,,,,,,,,,,,,,,,,,,,,,,,,,
,,,,,,,,,,,,,,,,,,,,,,,,,,,,,,,,,,,,
61bd12ebc72785cd,,not_found,,,,,,,,,,,,,,,,,,,,,,,,,,,,,,,,,,
8b9ca2dcd767bf6c,,not_found,,,,,,,,,,,,,,,,,,,,,,,,,,,,,,,,,,
aaa6fb16f350b460,,not_found,,,,,,,,,,,,,,,,,,,,,,,,,,,,,,,,,,
237b8011a9140150,,not_found,,,,,,,,,,,,,,,,,,,,,,,,,,,,,,,,,,
c39bcc5c57192cf3,,not_found,,,,,,,,,,,,,,,,,,,,,,,,,,,,,,,,,,
687b9f7028a1df6f,,not_found,,,,,,,,,,,,,,,,,,,,,,,,,,,,,,,,,,
7498af7d67daa3b2,19e7137d-5997-40d8-944b-7ece5d8a0b7f,public,0.7,236,2021-08-28T05:35:47.000Z,1.3,14200,,,16,73.8914,61.4092,68.9688,0.1229,0.0443,0.0075,0.0187,18.6363,35.9095,9.8107,682.6604,34.064,89.63,36.7606,60.3077,49.6347,61.4372,49.0118,0.2629,43.3289,7.9109,12.2598,4.5017,303.6901,100,0
6b05bb4c160ddb4f,,not_found,,,,,,,,,,,,,,,,,,,,,,,,,,,,,,,,,,
721f9cff609741e9,4314a9c4-2f6f-41c2-a3b7-90a4a95a61f6,public,0.5862,545,2021-05-31T04:51:16.000Z,1.06,13442,,,,72.9069,55.567,69.0729,0.1113,0.0217,-0.0002,0.0214,15.3738,35.9748,9.5739,661.0064,37.212,87.5036,38.3819,50.5078,47.0703,52.0704,49.311,0.2702,38.9265,9.0005,9.8526,7.3721,166.8189,100,0
af9a729cbc9e9848,,not_found,,,,,,,,,,,,,,,,,,,,,,,,,,,,,,,,,,
,,,,,,,,,,,,,,,,,,,,,,,,,,,,,,,,,,,,
7e16fbb57721b610,,not_found,,,,,,,,,,,,,,,,,,,,,,,,,,,,,,,,,,
c331da6bc8bd45bb,,not_found,,,,,,,,,,,,,,,,,,,,,,,,,,,,,,,,,,
8d1203fd358cd384,,not_found,,,,,,,,,,,,,,,,,,,,,,,,,,,,,,,,,,
f1f1936870e62f7b,,not_found,,,,,,,,,,,,,,,,,,,,,,,,,,,,,,,,,,
aad5424e8bc7eb2c,,not_found,,,,,,,,,,,,,,,,,,,,,,,,,,,,,,,,,,
54a47853bec9302e,,not_found,,,,,,,,,,,,,,,,,,,,,,,,,,,,,,,,,,
b745a43cc7ff470b,,not_found,,,,,,,,,,,,,,,,,,,,,,,,,,,,,,,,,,
8518b6a1ec92812d,,not_found,,,,,,,,,,,,,,,,,,,,,,,,,,,,,,,,,,
adfec45e4aac1535,,not_found,,,,,,,,,,,,,,,,,,,,,,,,,,,,,,,,,,
f60d7a615668e03f,12fee888-7005-44f1-9b3f-d72ae0f31cbc,public,0.5333,1021,2022-07-27T21:46:19.000Z,-1.6199999999999999,2189,,,,22.965,47.2097,57.7593,0.1088,-0.0202,0.0014,-0.0335,20.5825,25.9211,11.2354,772.2462,24.2169,72.1078,38.2614,49.3584,27.7469,32.913,52.6167,0.2997,36.3177,8.6733,7.2387,6.8983,327.6782,100,0
,,,,,,,,,,,,,,,,,,,,,,,,,,,,,,,,,,,,
7cba1eca1aa9a789,,not_found,,,,,,,,,,,,,,,,,,,,,,,,,,,,,,,,,,
e59281a5b31d86e1,,not_found,,,,,,,,,,,,,,,,,,,,,,,,,,,,,,,,,,
2660b4108db68945,,not_found,,,,,,,,,,,,,,,,,,,,,,,,,,,,,,,,,,
a4d0545b792e60a7,,not_found,,,,,,,,,,,,,,,,,,,,,,,,,,,,,,,,,,
2ccdc733796fd650,,not_found,,,,,,,,,,,,,,,,,,,,,,,,,,,,,,,,,,
5b2cc2ff0ffedb86,,not_found,,,,,,,,,,,,,,,,,,,,,,,,,,,,,,,,,,
17c6c973e78f9733,,not_found,,,,,,,,,,,,,,,,,,,,,,,,,,,,,,,,,,
fe6c4a96b51971ed,,not_found,,,,,,,,,,,,,,,,,,,,,,,,,,,,,,,,,,
58804002556ae77c,,not_found,,,,,,,,,,,,,,,,,,,,,,,,,,,,,,,,,,
c7781729bd43652e,,not_found,,,,,,,,,,,,,,,,,,,,,,,,,,,,,,,,,,
,,,,,,,,,,,,,,,,,,,,,,,,,,,,,,,,,,,,
77c371d800f1472f,,not_found,,,,,,,,,,,,,,,,,,,,,,,,,,,,,,,,,,
d8920d4a90d6a13d,,not_found,,,,,,,,,,,,,,,,,,,,,,,,,,,,,,,,,,
a47761eb385351e2,,not_found,,,,,,,,,,,,,,,,,,,,,,,,,,,,,,,,,,
5e7cc00173da1eb4,5bc141fd-ef35-4651-aae0-1ad5569a3144,public,0.5926,205,2020-06-23T14:41:08.000Z,-0.96,17696,,,,58.7064,52.3922,63.838,0.0885,-0.0105,-0.0127,-0.0062,17.8136,31.1751,10.1758,650.1601,34.0434,80.5198,34.8466,48.249,35.499,43.5024,52.1778,0.2605,48.6472,12.4271,7.2567,8.9017,413.3582,100,0
cd06348d14cefc89,,not_found,,,,,,,,,,,,,,,,,,,,,,,,,,,,,,,,,,
20ff518859b83d7d,,not_found,,,,,,,,,,,,,,,,,,,,,,,,,,,,,,,,,,
2600a763e8c3ed43,,not_found,,,,,,,,,,,,,,,,,,,,,,,,,,,,,,,,,,
a1689fe3c8c55fe2,,not_found,,,,,,,,,,,,,,,,,,,,,,,,,,,,,,,,,,
673abfc7c603801d,,not_found,,,,,,,,,,,,,,,,,,,,,,,,,,,,,,,,,,
de4fd0c95567978f,,not_found,,,,,,,,,,,,,,,,,,,,,,,,,,,,,,,,,,
,,,,,,,,,,,,,,,,,,,,,,,,,,,,,,,,,,,,
44f20438e9576097,,not_found,,,,,,,,,,,,,,,,,,,,,,,,,,,,,,,,,,
3eca092558d643e7,,not_found,,,,,,,,,,,,,,,,,,,,,,,,,,,,,,,,,,
c3f999add2abd364,,not_found,,,,,,,,,,,,,,,,,,,,,,,,,,,,,,,,,,
33a752b78a1c1540,,not_found,,,,,,,,,,,,,,,,,,,,,,,,,,,,,,,,,,
ff8a188b42afe8a8,,not_found,,,,,,,,,,,,,,,,,,,,,,,,,,,,,,,,,,
72178afc332fa716,,not_found,,,,,,,,,,,,,,,,,,,,,,,,,,,,,,,,,,
4c3408a0c78fd797,,not_found,,,,,,,,,,,,,,,,,,,,,,,,,,,,,,,,,,
7df033ffa66ee470,,not_found,,,,,,,,,,,,,,,,,,,,,,,,,,,,,,,,,,
6bb596391ab1d75c,,not_found,,,,,,,,,,,,,,,,,,,,,,,,,,,,,,,,,,
4ef55a3d6b5eb84e,,not_found,,,,,,,,,,,,,,,,,,,,,,,,,,,,,,,,,,
,,,,,,,,,,,,,,,,,,,,,,,,,,,,,,,,,,,,
22c8b3b03ed7319e,,not_found,,,,,,,,,,,,,,,,,,,,,,,,,,,,,,,,,,
761c9b0ec05dc0b6,,not_found,,,,,,,,,,,,,,,,,,,,,,,,,,,,,,,,,,
2f0ac3977a515570,,not_found,,,,,,,,,,,,,,,,,,,,,,,,,,,,,,,,,,
17d670c9ab2ae7b1,,not_found,,,,,,,,,,,,,,,,,,,,,,,,,,,,,,,,,,
ae8339357a25e087,,not_found,,,,,,,,,,,,,,,,,,,,,,,,,,,,,,,,,,
9ee3cf2760c14c90,,not_found,,,,,,,,,,,,,,,,,,,,,,,,,,,,,,,,,,
15d41918314343ec,,not_found,,,,,,,,,,,,,,,,,,,,,,,,,,,,,,,,,,
dd8c8b9cc369f74f,,not_found,,,,,,,,,,,,,,,,,,,,,,,,,,,,,,,,,,
2666d77a624b185e,,not_found,,,,,,,,,,,,,,,,,,,,,,,,,,,,,,,,,,
8effea524a4f0ae7,,not_found,,,,,,,,,,,,,,,,,,,,,,,,,,,,,,,,,,
,,,,,,,,,,,,,,,,,,,,,,,,,,,,,,,,,,,,
5d10797d9af1f713,,not_found,,,,,,,,,,,,,,,,,,,,,,,,,,,,,,,,,,
99bf594a7dcd17aa,,not_found,,,,,,,,,,,,,,,,,,,,,,,,,,,,,,,,,,
fde6382af4affc0a,,not_found,,,,,,,,,,,,,,,,,,,,,,,,,,,,,,,,,,
8ec69e384b7f27a5,,not_found,,,,,,,,,,,,,,,,,,,,,,,,,,,,,,,,,,
cc7d3cba0acacc17,,not_found,,,,,,,,,,,,,,,,,,,,,,,,,,,,,,,,,,
78f0909313477a57,,not_found,,,,,,,,,,,,,,,,,,,,,,,,,,,,,,,,,,
dedea596ee3f6328,,not_found,,,,,,,,,,,,,,,,,,,,,,,,,,,,,,,,,,
d98e1aefb89a03fc,,not_found,,,,,,,,,,,,,,,,,,,,,,,,,,,,,,,,,,
d41e66c25462db92,,not_found,,,,,,,,,,,,,,,,,,,,,,,,,,,,,,,,,,
58c29ffd4a39e135,,not_found,,,,,,,,,,,,,,,,,,,,,,,,,,,,,,,,,,
,,,,,,,,,,,,,,,,,,,,,,,,,,,,,,,,,,,,
0fb0f72f1521a119,,not_found,,,,,,,,,,,,,,,,,,,,,,,,,,,,,,,,,,
6606d6e825811cf4,,not_found,,,,,,,,,,,,,,,,,,,,,,,,,,,,,,,,,,
c12f80a948b7d58e,,not_found,,,,,,,,,,,,,,,,,,,,,,,,,,,,,,,,,,
9c7219e21777d14f,,not_found,,,,,,,,,,,,,,,,,,,,,,,,,,,,,,,,,,
7414f75e48f5e7b1,,not_found,,,,,,,,,,,,,,,,,,,,,,,,,,,,,,,,,,
801f9c654d78ba01,,not_found,,,,,,,,,,,,,,,,,,,,,,,,,,,,,,,,,,
e50a026795e2d66a,,not_found,,,,,,,,,,,,,,,,,,,,,,,,,,,,,,,,,,
d326bdf9d9ac016f,,not_found,,,,,,,,,,,,,,,,,,,,,,,,,,,,,,,,,,
7bb05ded362b577b,,not_found,,,,,,,,,,,,,,,,,,,,,,,,,,,,,,,,,,
171222a02a340852,,not_found,,,,,,,,,,,,,,,,,,,,,,,,,,,,,,,,,,
,,,,,,,,,,,,,,,,,,,,,,,,,,,,,,,,,,,,
fa8d4ca378004ccb,,not_found,,,,,,,,,,,,,,,,,,,,,,,,,,,,,,,,,,
a9e77a34176383fb,,not_found,,,,,,,,,,,,,,,,,,,,,,,,,,,,,,,,,,
258f9d097379bf26,,not_found,,,,,,,,,,,,,,,,,,,,,,,,,,,,,,,,,,
f021e015e8be5f84,,not_found,,,,,,,,,,,,,,,,,,,,,,,,,,,,,,,,,,
bf1b5004521b5eb5,,not_found,,,,,,,,,,,,,,,,,,,,,,,,,,,,,,,,,,
63ede684b56fa0a8,,not_found,,,,,,,,,,,,,,,,,,,,,,,,,,,,,,,,,,
776656f3f54f7534,,not_found,,,,,,,,,,,,,,,,,,,,,,,,,,,,,,,,,,
f27a19a27d56611f,,not_found,,,,,,,,,,,,,,,,,,,,,,,,,,,,,,,,,,
0a6485218b77bd3d,,not_found,,,,,,,,,,,,,,,,,,,,,,,,,,,,,,,,,,
e368eac1539e72f5,,not_found,,,,,,,,,,,,,,,,,,,,,,,,,,,,,,,,,,
,,,,,,,,,,,,,,,,,,,,,,,,,,,,,,,,,,,,
8a4e90078bba0396,,not_found,,,,,,,,,,,,,,,,,,,,,,,,,,,,,,,,,,
0e448ab6673b4a95,,not_found,,,,,,,,,,,,,,,,,,,,,,,,,,,,,,,,,,
fccb8bdd4322c83f,,not_found,,,,,,,,,,,,,,,,,,,,,,,,,,,,,,,,,,
7eb55f9994aaaa7c,,not_found,,,,,,,,,,,,,,,,,,,,,,,,,,,,,,,,,,
e310683c7b892ebd,,not_found,,,,,,,,,,,,,,,,,,,,,,,,,,,,,,,,,,
7fdb6135387b2412,,not_found,,,,,,,,,,,,,,,,,,,,,,,,,,,,,,,,,,
a3d020aec2d31ed3,,not_found,,,,,,,,,,,,,,,,,,,,,,,,,,,,,,,,,,
cbcba12b8d0f852c,,not_found,,,,,,,,,,,,,,,,,,,,,,,,,,,,,,,,,,
20c60200c7131230,,not_found,,,,,,,,,,,,,,,,,,,,,,,,,,,,,,,,,,
3c15ec3a472d9d18,,not_found,,,,,,,,,,,,,,,,,,,,,,,,,,,,,,,,,,
,,,,,,,,,,,,,,,,,,,,,,,,,,,,,,,,,,,,
ff156f83422f5ad6,,not_found,,,,,,,,,,,,,,,,,,,,,,,,,,,,,,,,,,
2342d825a1b1dded,,not_found,,,,,,,,,,,,,,,,,,,,,,,,,,,,,,,,,,
9b5d69eda97100f3,,not_found,,,,,,,,,,,,,,,,,,,,,,,,,,,,,,,,,,
9073fbf8bca4bf00,,not_found,,,,,,,,,,,,,,,,,,,,,,,,,,,,,,,,,,
b2d2289c4e5901ee,,not_found,,,,,,,,,,,,,,,,,,,,,,,,,,,,,,,,,,
5e44bd1351bae3ef,,not_found,,,,,,,,,,,,,,,,,,,,,,,,,,,,,,,,,,
9a4794ad2164f081,,not_found,,,,,,,,,,,,,,,,,,,,,,,,,,,,,,,,,,
b0373dfb08496198,,not_found,,,,,,,,,,,,,,,,,,,,,,,,,,,,,,,,,,
cd76a5ff11cb2a4f,,not_found,,,,,,,,,,,,,,,,,,,,,,,,,,,,,,,,,,
300ae0e5691c19a6,,not_found,,,,,,,,,,,,,,,,,,,,,,,,,,,,,,,,,,
,,,,,,,,,,,,,,,,,,,,,,,,,,,,,,,,,,,,
ea029b2954c8bd11,,not_found,,,,,,,,,,,,,,,,,,,,,,,,,,,,,,,,,,
707d6a658b2b7a73,,not_found,,,,,,,,,,,,,,,,,,,,,,,,,,,,,,,,,,
8526d003007e00de,,not_found,,,,,,,,,,,,,,,,,,,,,,,,,,,,,,,,,,
b4e420d25cae9f15,,not_found,,,,,,,,,,,,,,,,,,,,,,,,,,,,,,,,,,
297c878317b0fbfb,,not_found,,,,,,,,,,,,,,,,,,,,,,,,,,,,,,,,,,
436b2a5e7a194282,,not_found,,,,,,,,,,,,,,,,,,,,,,,,,,,,,,,,,,
fc32b3e8f5a41ae7,,not_found,,,,,,,,,,,,,,,,,,,,,,,,,,,,,,,,,,
b35c60a1d91b36f6,,not_found,,,,,,,,,,,,,,,,,,,,,,,,,,,,,,,,,,
31c58a8afda33840,,not_found,,,,,,,,,,,,,,,,,,,,,,,,,,,,,,,,,,
b1a04c6c72f68706,,not_found,,,,,,,,,,,,,,,,,,,,,,,,,,,,,,,,,,
,,,,,,,,,,,,,,,,,,,,,,,,,,,,,,,,,,,,
857c58d1cda04fcf,,not_found,,,,,,,,,,,,,,,,,,,,,,,,,,,,,,,,,,
1f9ce2dcd40f34d5,,not_found,,,,,,,,,,,,,,,,,,,,,,,,,,,,,,,,,,
f579d9ceef719f4e,,not_found,,,,,,,,,,,,,,,,,,,,,,,,,,,,,,,,,,
21e7bfb801afae20,,not_found,,,,,,,,,,,,,,,,,,,,,,,,,,,,,,,,,,
f0d067c4ef2617e4,,not_found,,,,,,,,,,,,,,,,,,,,,,,,,,,,,,,,,,
8bfa7dee08039943,,not_found,,,,,,,,,,,,,,,,,,,,,,,,,,,,,,,,,,
2f53e5897cde316d,,not_found,,,,,,,,,,,,,,,,,,,,,,,,,,,,,,,,,,
dc1eb5cab5fb8784,,not_found,,,,,,,,,,,,,,,,,,,,,,,,,,,,,,,,,,
6723d504b74b353f,,not_found,,,,,,,,,,,,,,,,,,,,,,,,,,,,,,,,,,
a2bc5c58dee7170e,,not_found,,,,,,,,,,,,,,,,,,,,,,,,,,,,,,,,,,
,,,,,,,,,,,,,,,,,,,,,,,,,,,,,,,,,,,,
14336f5519140fff,,not_found,,,,,,,,,,,,,,,,,,,,,,,,,,,,,,,,,,
5075aa27aea97e51,,not_found,,,,,,,,,,,,,,,,,,,,,,,,,,,,,,,,,,
7ca759ba1b9b5dd9,,not_found,,,,,,,,,,,,,,,,,,,,,,,,,,,,,,,,,,
ad6bf86df641797d,,not_found,,,,,,,,,,,,,,,,,,,,,,,,,,,,,,,,,,
34359df254258fd0,,not_found,,,,,,,,,,,,,,,,,,,,,,,,,,,,,,,,,,
d7a8dceefa10ef9e,,not_found,,,,,,,,,,,,,,,,,,,,,,,,,,,,,,,,,,
3f3fbe2faa1cecea,,not_found,,,,,,,,,,,,,,,,,,,,,,,,,,,,,,,,,,
108d7dcf926e7afb,,not_found,,,,,,,,,,,,,,,,,,,,,,,,,,,,,,,,,,
0ad7adb3654e4b1a,,not_found,,,,,,,,,,,,,,,,,,,,,,,,,,,,,,,,,,
0b5dbe16ec3124d2,,not_found,,,,,,,,,,,,,,,,,,,,,,,,,,,,,,,,,,
,,,,,,,,,,,,,,,,,,,,,,,,,,,,,,,,,,,,
6d8577fe19d4e6a1,,not_found,,,,,,,,,,,,,,,,,,,,,,,,,,,,,,,,,,
3486db12ba74d6bc,,not_found,,,,,,,,,,,,,,,,,,,,,,,,,,,,,,,,,,
8f1d1e9ccf0674a4,,not_found,,,,,,,,,,,,,,,,,,,,,,,,,,,,,,,,,,
1c2d7309cfd21cd4,,not_found,,,,,,,,,,,,,,,,,,,,,,,,,,,,,,,,,,
b30da10cf19a5e67,,not_found,,,,,,,,,,,,,,,,,,,,,,,,,,,,,,,,,,
abe0142766eda376,,not_found,,,,,,,,,,,,,,,,,,,,,,,,,,,,,,,,,,
3e19137063e40952,,not_found,,,,,,,,,,,,,,,,,,,,,,,,,,,,,,,,,,
66200e5a961e671a,,not_found,,,,,,,,,,,,,,,,,,,,,,,,,,,,,,,,,,
9db8157fc57e3cb6,,not_found,,,,,,,,,,,,,,,,,,,,,,,,,,,,,,,,,,
06398ec5f18603f7,,not_found,,,,,,,,,,,,,,,,,,,,,,,,,,,,,,,,,,
,,,,,,,,,,,,,,,,,,,,,,,,,,,,,,,,,,,,
e4f09f3c6f09f11f,,not_found,,,,,,,,,,,,,,,,,,,,,,,,,,,,,,,,,,
014336b65cdefcc1,,not_found,,,,,,,,,,,,,,,,,,,,,,,,,,,,,,,,,,
372da63177301da4,,not_found,,,,,,,,,,,,,,,,,,,,,,,,,,,,,,,,,,
abeb4a0c66b2350d,,not_found,,,,,,,,,,,,,,,,,,,,,,,,,,,,,,,,,,
476fc9b201ceacff,,not_found,,,,,,,,,,,,,,,,,,,,,,,,,,,,,,,,,,
3d7f9bd7f66d740a,,not_found,,,,,,,,,,,,,,,,,,,,,,,,,,,,,,,,,,
4c517706e1d902da,,not_found,,,,,,,,,,,,,,,,,,,,,,,,,,,,,,,,,,
edb9617ab9d26307,,not_found,,,,,,,,,,,,,,,,,,,,,,,,,,,,,,,,,,
490d6d68c226e48f,,not_found,,,,,,,,,,,,,,,,,,,,,,,,,,,,,,,,,,
78fcfd390be0cfaf,,not_found,,,,,,,,,,,,,,,,,,,,,,,,,,,,,,,,,,
,,,,,,,,,,,,,,,,,,,,,,,,,,,,,,,,,,,,
3dd6b9f4c007d3ad,,not_found,,,,,,,,,,,,,,,,,,,,,,,,,,,,,,,,,,
3de099d2a0af9b8d,,not_found,,,,,,,,,,,,,,,,,,,,,,,,,,,,,,,,,,
4d90521dae31dbdf,,not_found,,,,,,,,,,,,,,,,,,,,,,,,,,,,,,,,,,
1158c7b1636a23ff,,not_found,,,,,,,,,,,,,,,,,,,,,,,,,,,,,,,,,,
83a68b86141db41d,,not_found,,,,,,,,,,,,,,,,,,,,,,,,,,,,,,,,,,
df1b439369440aae,,not_found,,,,,,,,,,,,,,,,,,,,,,,,,,,,,,,,,,
95d76a2b8ffcf905,,not_found,,,,,,,,,,,,,,,,,,,,,,,,,,,,,,,,,,
5fd139e061144aca,,not_found,,,,,,,,,,,,,,,,,,,,,,,,,,,,,,,,,,
cc7bc41dfca26dfb,,not_found,,,,,,,,,,,,,,,,,,,,,,,,,,,,,,,,,,
5932ae2a683e512a,,not_found,,,,,,,,,,,,,,,,,,,,,,,,,,,,,,,,,,
,,,,,,,,,,,,,,,,,,,,,,,,,,,,,,,,,,,,
acf1a1c4374baa22,,not_found,,,,,,,,,,,,,,,,,,,,,,,,,,,,,,,,,,
2961621b5e427e3a,,not_found,,,,,,,,,,,,,,,,,,,,,,,,,,,,,,,,,,
ef6130309559d228,,not_found,,,,,,,,,,,,,,,,,,,,,,,,,,,,,,,,,,
53ab6de3c0d92946,,not_found,,,,,,,,,,,,,,,,,,,,,,,,,,,,,,,,,,
34f18eec1448415e,,not_found,,,,,,,,,,,,,,,,,,,,,,,,,,,,,,,,,,
2f3b8a2b8f8dbbe6,,not_found,,,,,,,,,,,,,,,,,,,,,,,,,,,,,,,,,,
7cacee16ea1cac8d,,not_found,,,,,,,,,,,,,,,,,,,,,,,,,,,,,,,,,,
d84fd8d5da553005,,not_found,,,,,,,,,,,,,,,,,,,,,,,,,,,,,,,,,,
84329a1c617eef7c,,not_found,,,,,,,,,,,,,,,,,,,,,,,,,,,,,,,,,,
aa7f436916b9d4a3,,not_found,,,,,,,,,,,,,,,,,,,,,,,,,,,,,,,,,,
,,,,,,,,,,,,,,,,,,,,,,,,,,,,,,,,,,,,
87acd2d6c7ca5037,,not_found,,,,,,,,,,,,,,,,,,,,,,,,,,,,,,,,,,
c913b4d51bc2222c,,not_found,,,,,,,,,,,,,,,,,,,,,,,,,,,,,,,,,,
013a49633560fd10,,not_found,,,,,,,,,,,,,,,,,,,,,,,,,,,,,,,,,,
5587861983676623,,not_found,,,,,,,,,,,,,,,,,,,,,,,,,,,,,,,,,,
e7d5b5c3eb2f2fe7,,not_found,,,,,,,,,,,,,,,,,,,,,,,,,,,,,,,,,,
cc4fa4bdc6914552,,not_found,,,,,,,,,,,,,,,,,,,,,,,,,,,,,,,,,,
5a3c89c2bf3ec45d,,not_found,,,,,,,,,,,,,,,,,,,,,,,,,,,,,,,,,,
b71b2403a6d553fe,,not_found,,,,,,,,,,,,,,,,,,,,,,,,,,,,,,,,,,
7f6681c17de8df24,,not_found,,,,,,,,,,,,,,,,,,,,,,,,,,,,,,,,,,
d7771a5ecec1deae,,not_found,,,,,,,,,,,,,,,,,,,,,,,,,,,,,,,,,,
,,,,,,,,,,,,,,,,,,,,,,,,,,,,,,,,,,,,
c904f7d89d160659,,not_found,,,,,,,,,,,,,,,,,,,,,,,,,,,,,,,,,,
77e0133e61fac8c2,,not_found,,,,,,,,,,,,,,,,,,,,,,,,,,,,,,,,,,
59ddcbb3ae7b26db,,not_found,,,,,,,,,,,,,,,,,,,,,,,,,,,,,,,,,,
e2dd5a351e9fc8d5,,not_found,,,,,,,,,,,,,,,,,,,,,,,,,,,,,,,,,,
7b772908cabe92e3,,not_found,,,,,,,,,,,,,,,,,,,,,,,,,,,,,,,,,,
0e6b27085da26ad6,,not_found,,,,,,,,,,,,,,,,,,,,,,,,,,,,,,,,,,
a799c5f2c677a829,,not_found,,,,,,,,,,,,,,,,,,,,,,,,,,,,,,,,,,
a23efce20e7903ed,,not_found,,,,,,,,,,,,,,,,,,,,,,,,,,,,,,,,,,
4a270f5fc29b3b31,,not_found,,,,,,,,,,,,,,,,,,,,,,,,,,,,,,,,,,
f785888c155b1b54,,not_found,,,,,,,,,,,,,,,,,,,,,,,,,,,,,,,,,,
,,,,,,,,,,,,,,,,,,,,,,,,,,,,,,,,,,,,
84554af2adb21066,,not_found,,,,,,,,,,,,,,,,,,,,,,,,,,,,,,,,,,
e7891e72eab28542,,not_found,,,,,,,,,,,,,,,,,,,,,,,,,,,,,,,,,,
b08f0164e6c62d5b,,not_found,,,,,,,,,,,,,,,,,,,,,,,,,,,,,,,,,,
8918b0ad9719846c,,not_found,,,,,,,,,,,,,,,,,,,,,,,,,,,,,,,,,,
aa59bdb568b2f3c4,,not_found,,,,,,,,,,,,,,,,,,,,,,,,,,,,,,,,,,
29c80676cb0c3188,,not_found,,,,,,,,,,,,,,,,,,,,,,,,,,,,,,,,,,
ff2babc7cab9b491,,not_found,,,,,,,,,,,,,,,,,,,,,,,,,,,,,,,,,,
9e73c90eb89e2727,,not_found,,,,,,,,,,,,,,,,,,,,,,,,,,,,,,,,,,
68f7e906d84ac17f,,not_found,,,,,,,,,,,,,,,,,,,,,,,,,,,,,,,,,,
69da0820015ab744,,not_found,,,,,,,,,,,,,,,,,,,,,,,,,,,,,,,,,,
,,,,,,,,,,,,,,,,,,,,,,,,,,,,,,,,,,,,
c871f08bb783ddf4,,not_found,,,,,,,,,,,,,,,,,,,,,,,,,,,,,,,,,,
a24a4d02297028c6,83c50ecb-0057-48fb-bc62-42e1ad0c0e1c,public,0.5357,400,2020-01-29T04:17:00.000Z,4.1000000000000005,25541,9,2100,17,92.5066,72.5747,59.0878,0.1187,0.0693,0.0436,0.0382,21.7402,40.3947,9.6527,572.1483,44.3504,88.6423,56.5554,61.6057,40.3242,41.9191,54.8989,0.4027,48.6659,6.647,11.4721,7.8976,342.9856,100,0
264acc7fa15a655d,,not_found,,,,,,,,,,,,,,,,,,,,,,,,,,,,,,,,,,
33261e8463cf2704,,not_found,,,,,,,,,,,,,,,,,,,,,,,,,,,,,,,,,,
fd24d9a1b6285494,,not_found,,,,,,,,,,,,,,,,,,,,,,,,,,,,,,,,,,
3037d38bf460b74e,,not_found,,,,,,,,,,,,,,,,,,,,,,,,,,,,,,,,,,
2a8c017a9640224d,,not_found,,,,,,,,,,,,,,,,,,,,,,,,,,,,,,,,,,
9a50ad0e806258cd,,not_found,,,,,,,,,,,,,,,,,,,,,,,,,,,,,,,,,,
29896bfc63bb6c7e,,not_found,,,,,,,,,,,,,,,,,,,,,,,,,,,,,,,,,,
876be2b1af364cf3,,not_found,,,,,,,,,,,,,,,,,,,,,,,,,,,,,,,,,,
,,,,,,,,,,,,,,,,,,,,,,,,,,,,,,,,,,,,
8ea592516f894ef3,,not_found,,,,,,,,,,,,,,,,,,,,,,,,,,,,,,,,,,
a7294a320f58eb78,,not_found,,,,,,,,,,,,,,,,,,,,,,,,,,,,,,,,,,
0780f90a0e83c922,,not_found,,,,,,,,,,,,,,,,,,,,,,,,,,,,,,,,,,
6254bebf988bdfff,,not_found,,,,,,,,,,,,,,,,,,,,,,,,,,,,,,,,,,
4d634fc452ce8ca0,,not_found,,,,,,,,,,,,,,,,,,,,,,,,,,,,,,,,,,
a4987749c47fdba2,,not_found,,,,,,,,,,,,,,,,,,,,,,,,,,,,,,,,,,
03225c5ef96666fa,,not_found,,,,,,,,,,,,,,,,,,,,,,,,,,,,,,,,,,
093f2642dbb96123,,not_found,,,,,,,,,,,,,,,,,,,,,,,,,,,,,,,,,,
8971952529f59331,,not_found,,,,,,,,,,,,,,,,,,,,,,,,,,,,,,,,,,
99dc4f061df112c6,,not_found,,,,,,,,,,,,,,,,,,,,,,,,,,,,,,,,,,
,,,,,,,,,,,,,,,,,,,,,,,,,,,,,,,,,,,,
0614f0282a1ee651,,not_found,,,,,,,,,,,,,,,,,,,,,,,,,,,,,,,,,,
67819653f77acd98,,not_found,,,,,,,,,,,,,,,,,,,,,,,,,,,,,,,,,,
e8fdbf86d46b7626,,not_found,,,,,,,,,,,,,,,,,,,,,,,,,,,,,,,,,,
b03aa89aecbd6173,,not_found,,,,,,,,,,,,,,,,,,,,,,,,,,,,,,,,,,
5c293a7847ce0b24,,not_found,,,,,,,,,,,,,,,,,,,,,,,,,,,,,,,,,,
a3586c32658a300d,,not_found,,,,,,,,,,,,,,,,,,,,,,,,,,,,,,,,,,
a812efe94db97f16,,not_found,,,,,,,,,,,,,,,,,,,,,,,,,,,,,,,,,,
1cc3bc4b64da1e3e,,not_found,,,,,,,,,,,,,,,,,,,,,,,,,,,,,,,,,,
41c2ffe0fcad0580,,not_found,,,,,,,,,,,,,,,,,,,,,,,,,,,,,,,,,,
f08c796199344db3,,not_found,,,,,,,,,,,,,,,,,,,,,,,,,,,,,,,,,,
,,,,,,,,,,,,,,,,,,,,,,,,,,,,,,,,,,,,
b2a68f96ac5b2a38,,not_found,,,,,,,,,,,,,,,,,,,,,,,,,,,,,,,,,,
655a2ea80bfe1f73,,not_found,,,,,,,,,,,,,,,,,,,,,,,,,,,,,,,,,,
5be704fe21d74ea0,,not_found,,,,,,,,,,,,,,,,,,,,,,,,,,,,,,,,,,
aa20e7f0c7f6a62d,a55dcd40-e825-42a3-b159-6fe485d1e3cb,public,0.4483,1245,2020-08-14T04:01:24.000Z,-0.6,17756,5,1261,13,70.5402,44.433,58.6731,0.0957,-0.0223,0.0093,-0.0228,16.6839,36.7162,9.7539,668.0622,37.6869,82.5905,37.6965,49.2642,33.5432,35.8542,41.7388,0.2491,43.5032,8.9384,7.3674,6.0502,320.843,100,0
4983416d3f8874bb,,not_found,,,,,,,,,,,,,,,,,,,,,,,,,,,,,,,,,,
c5d7fea1fdad519b,,not_found,,,,,,,,,,,,,,,,,,,,,,,,,,,,,,,,,,
1c13a8f849966952,,not_found,,,,,,,,,,,,,,,,,,,,,,,,,,,,,,,,,,
7e4617435fae3a30,,not_found,,,,,,,,,,,,,,,,,,,,,,,,,,,,,,,,,,
96e819a63b6f1cd1,,not_found,,,,,,,,,,,,,,,,,,,,,,,,,,,,,,,,,,
1619ccb5f562550a,,not_found,,,,,,,,,,,,,,,,,,,,,,,,,,,,,,,,,,
,,,,,,,,,,,,,,,,,,,,,,,,,,,,,,,,,,,,
eb573fe3b767c49a,,not_found,,,,,,,,,,,,,,,,,,,,,,,,,,,,,,,,,,
d9428d768e7ca724,,not_found,,,,,,,,,,,,,,,,,,,,,,,,,,,,,,,,,,
848bdc78df548931,,not_found,,,,,,,,,,,,,,,,,,,,,,,,,,,,,,,,,,
33517e61f51ff449,,not_found,,,,,,,,,,,,,,,,,,,,,,,,,,,,,,,,,,
eab819449e739d7c,,not_found,,,,,,,,,,,,,,,,,,,,,,,,,,,,,,,,,,
af919dd7d74b8ef5,,not_found,,,,,,,,,,,,,,,,,,,,,,,,,,,,,,,,,,
fcf94c5b63756c5e,,not_found,,,,,,,,,,,,,,,,,,,,,,,,,,,,,,,,,,
9b590e99791c683d,,not_found,,,,,,,,,,,,,,,,,,,,,,,,,,,,,,,,,,
07529ac21167db3c,,not_found,,,,,,,,,,,,,,,,,,,,,,,,,,,,,,,,,,
df5840e4a9dbf1da,,not_found,,,,,,,,,,,,,,,,,,,,,,,,,,,,,,,,,,
,,,,,,,,,,,,,,,,,,,,,,,,,,,,,,,,,,,,
26dc1d9e3f1084be,,not_found,,,,,,,,,,,,,,,,,,,,,,,,,,,,,,,,,,
08061f84b56abe7e,,not_found,,,,,,,,,,,,,,,,,,,,,,,,,,,,,,,,,,
9a4735b037c518cf,,not_found,,,,,,,,,,,,,,,,,,,,,,,,,,,,,,,,,,
4ddb255ae0a0b441,,not_found,,,,,,,,,,,,,,,,,,,,,,,,,,,,,,,,,,
c99b4ace81fc15b9,,not_found,,,,,,,,,,,,,,,,,,,,,,,,,,,,,,,,,,
7c2ad171e068c806,,not_found,,,,,,,,,,,,,,,,,,,,,,,,,,,,,,,,,,
a1187e6acabed371,,not_found,,,,,,,,,,,,,,,,,,,,,,,,,,,,,,,,,,
b0dbce4c6b0d6cf9,,not_found,,,,,,,,,,,,,,,,,,,,,,,,,,,,,,,,,,
cf976b80c5162755,80220590-60bb-4b90-baf2-da3c0652d8a7,public,0.4643,55,2024-11-26T00:14:53.000Z,1.32,,,,,49.6011,52.7903,28.3156,0.0978,0.0158,0.0135,0.013,14.3225,32.2069,11.0267,668.3186,35.7006,78.0899,36.3016,53.2403,26.5794,31.8765,50.4793,0.3357,46.6774,6.8899,6.4657,3.1628,394.2255,55,0
2861adcdb1de2335,,not_found,,,,,,,,,,,,,,,,,,,,,,,,,,,,,,,,,,
,,,,,,,,,,,,,,,,,,,,,,,,,,,,,,,,,,,,
182174853d528ffa,,not_found,,,,,,,,,,,,,,,,,,,,,,,,,,,,,,,,,,
2b9f398a55dd82fe,,not_found,,,,,,,,,,,,,,,,,,,,,,,,,,,,,,,,,,
ac35d37b627c6ea3,,not_found,,,,,,,,,,,,,,,,,,,,,,,,,,,,,,,,,,
d4a753662565d273,,not_found,,,,,,,,,,,,,,,,,,,,,,,,,,,,,,,,,,
92d8910f364d42cd,,not_found,,,,,,,,,,,,,,,,,,,,,,,,,,,,,,,,,,
e44a2ef14b6c808f,fd85fb2a-fad6-4aa6-a0a2-51743ff6023f,public,0.5517,705,2023-02-08T07:35:52.000Z,0.97,13071,5,999,,59.4835,50.3989,64.5408,0.0836,0.0324,0.0135,0.0059,16.9776,35.1611,11.0819,656.736,36.6583,77.1838,44.4394,62.954,32.9133,36.2844,37.5503,0.3027,38.7962,8.3427,16.2278,5.6798,211.7119,100,0
9000af53834fc3d1,,not_found,,,,,,,,,,,,,,,,,,,,,,,,,,,,,,,,,,
316c59d2cad76212,,not_found,,,,,,,,,,,,,,,,,,,,,,,,,,,,,,,,,,
312cfe8ae24b6b74,,not_found,,,,,,,,,,,,,,,,,,,,,,,,,,,,,,,,,,
4b02f7f58be39adf,,not_found,,,,,,,,,,,,,,,,,,,,,,,,,,,,,,,,,,
,,,,,,,,,,,,,,,,,,,,,,,,,,,,,,,,,,,,
f4b166237157c694,,not_found,,,,,,,,,,,,,,,,,,,,,,,,,,,,,,,,,,
16d1fed6bb14c1be,,not_found,,,,,,,,,,,,,,,,,,,,,,,,,,,,,,,,,,
cd88a9a81e12760d,,not_found,,,,,,,,,,,,,,,,,,,,,,,,,,,,,,,,,,
9dc464f28ec18688,,not_found,,,,,,,,,,,,,,,,,,,,,,,,,,,,,,,,,,
dfcfc3376c4897df,,not_found,,,,,,,,,,,,,,,,,,,,,,,,,,,,,,,,,,
1927a7148b56466a,,not_found,,,,,,,,,,,,,,,,,,,,,,,,,,,,,,,,,,
944d6d91073113d3,,not_found,,,,,,,,,,,,,,,,,,,,,,,,,,,,,,,,,,
0b8ae8d8b7e98c72,,not_found,,,,,,,,,,,,,,,,,,,,,,,,,,,,,,,,,,
53dcf339d101d0f5,e10bd663-3e21-4454-a1aa-e998f8593b2a,public,0.7,438,2020-02-08T07:18:07.000Z,2.35,28234,10,,,69.1462,59.8706,77.0585,0.1608,0.0205,0.0241,0.0229,21.0724,33.0829,10.5455,603.6826,37.9318,76.5838,42.0345,46.7146,44.447,52.1663,50.7229,0.3117,43.4389,10.1423,17.1499,11.3759,237.9697,100,0
ffc7b100d84b3d8a,,not_found,,,,,,,,,,,,,,,,,,,,,,,,,,,,,,,,,,
,,,,,,,,,,,,,,,,,,,,,,,,,,,,,,,,,,,,
b3442070a137a808,,not_found,,,,,,,,,,,,,,,,,,,,,,,,,,,,,,,,,,
4b4917add4ca9924,,not_found,,,,,,,,,,,,,,,,,,,,,,,,,,,,,,,,,,
cf14a76dd6c0e3f9,,not_found,,,,,,,,,,,,,,,,,,,,,,,,,,,,,,,,,,
4bed26214e3a177f,,not_found,,,,,,,,,,,,,,,,,,,,,,,,,,,,,,,,,,
9e5ce7ef21b44def,,not_found,,,,,,,,,,,,,,,,,,,,,,,,,,,,,,,,,,
80b215732bf64954,,not_found,,,,,,,,,,,,,,,,,,,,,,,,,,,,,,,,,,
869ea53e6f95ba82,,not_found,,,,,,,,,,,,,,,,,,,,,,,,,,,,,,,,,,
f94563c2a9c6b60f,,not_found,,,,,,,,,,,,,,,,,,,,,,,,,,,,,,,,,,
0409659915db4d3a,,not_found,,,,,,,,,,,,,,,,,,,,,,,,,,,,,,,,,,
ef2a44f980c507ed,,not_found,,,,,,,,,,,,,,,,,,,,,,,,,,,,,,,,,,
,,,,,,,,,,,,,,,,,,,,,,,,,,,,,,,,,,,,
859b0a600d729928,,not_found,,,,,,,,,,,,,,,,,,,,,,,,,,,,,,,,,,
77a1389754453a40,,not_found,,,,,,,,,,,,,,,,,,,,,,,,,,,,,,,,,,
46084c10f2211f63,6067d693-7aa9-4ddf-aaae-a04d903e49b4,public,0.6667,366,2020-02-25T16:28:55.000Z,1.7399999999999998,25380,8,,,85.769,64.8027,52.9875,0.1284,0.0031,0.0079,0.0269,24.1743,36.0536,9.3742,576.1305,36.3216,84.3145,47.8041,48.6296,45.2567,49.667,48.2463,0.3484,48.9107,12.0748,6.7201,11.0411,377.9387,100,0
82f657c63151aa86,,not_found,,,,,,,,,,,,,,,,,,,,,,,,,,,,,,,,,,
1062f680f28e43b8,,not_found,,,,,,,,,,,,,,,,,,,,,,,,,,,,,,,,,,
8b800d31b95cb6e8,,not_found,,,,,,,,,,,,,,,,,,,,,,,,,,,,,,,,,,
d6bff38937ef4dae,,not_found,,,,,,,,,,,,,,,,,,,,,,,,,,,,,,,,,,
4a659fca27404a95,,not_found,,,,,,,,,,,,,,,,,,,,,,,,,,,,,,,,,,
c421a6a4e55ac36d,1dfcdbf9-7cb2-4148-af66-fd4a7f5934af,public,0.5667,1930,2020-01-26T04:09:51.000Z,-0.53,22316,8,1747,13,50.3989,52.3922,77.5487,0.111,-0.0099,-0.0075,-0.0029,18.8763,30.7313,12.443,636.0303,32.799,78.1856,35.4901,42.9972,41.7646,47.1427,54.4765,0.242,46.217,10.8534,15.2975,2.9544,243.5849,100,0
f1be07632ef4d4ad,,not_found,,,,,,,,,,,,,,,,,,,,,,,,,,,,,,,,,,
,,,,,,,,,,,,,,,,,,,,,,,,,,,,,,,,,,,,
05f86ac588f5516a,,not_found,,,,,,,,,,,,,,,,,,,,,,,,,,,,,,,,,,
342ebaa94b6da799,,not_found,,,,,,,,,,,,,,,,,,,,,,,,,,,,,,,,,,
5afda49669c9fbc3,,not_found,,,,,,,,,,,,,,,,,,,,,,,,,,,,,,,,,,
81352b7d0783f964,,not_found,,,,,,,,,,,,,,,,,,,,,,,,,,,,,,,,,,
96dabf2fff2a554f,,not_found,,,,,,,,,,,,,,,,,,,,,,,,,,,,,,,,,,
fc94be295b1e002c,,not_found,,,,,,,,,,,,,,,,,,,,,,,,,,,,,,,,,,
560e9f923d5656e2,,not_found,,,,,,,,,,,,,,,,,,,,,,,,,,,,,,,,,,
dde6dd73bc854f8d,,not_found,,,,,,,,,,,,,,,,,,,,,,,,,,,,,,,,,,
e0294498fd5df044,,not_found,,,,,,,,,,,,,,,,,,,,,,,,,,,,,,,,,,
319d302185ffbde4,,not_found,,,,,,,,,,,,,,,,,,,,,,,,,,,,,,,,,,
,,,,,,,,,,,,,,,,,,,,,,,,,,,,,,,,,,,,
cb4f2a736f3e4c4f,,not_found,,,,,,,,,,,,,,,,,,,,,,,,,,,,,,,,,,
0857af91cc401d03,,not_found,,,,,,,,,,,,,,,,,,,,,,,,,,,,,,,,,,
bfb7a7a9ceef8c92,,not_found,,,,,,,,,,,,,,,,,,,,,,,,,,,,,,,,,,
73661184d3895053,dd38a265-63bf-4fed-bb7a-f7ee53965d70,public,0.7333,559,2020-03-23T02:55:47.000Z,1.73,16157,10,,17,73.8914,50.3989,75.475,0.1061,0.0359,0.015,0.0198,18.1374,36.6949,11.1906,569.4085,37.66,78.9761,41.1349,54.3614,0,41.1528,43.9554,0.343,53.8693,8.2382,15.7717,5.2368,125.0013,100,0
3132b0fb7c8ce9a7,,not_found,,,,,,,,,,,,,,,,,,,,,,,,,,,,,,,,,,
f6ddbbf9fb520352,,not_found,,,,,,,,,,,,,,,,,,,,,,,,,,,,,,,,,,
4b4a878c3c7308f6,,not_found,,,,,,,,,,,,,,,,,,,,,,,,,,,,,,,,,,
4d1053ebc4d5721f,,not_found,,,,,,,,,,,,,,,,,,,,,,,,,,,,,,,,,,
d244c46d2da9a6ef,,not_found,,,,,,,,,,,,,,,,,,,,,,,,,,,,,,,,,,
41aacc51bc0de0c8,,not_found,,,,,,,,,,,,,,,,,,,,,,,,,,,,,,,,,,
,,,,,,,,,,,,,,,,,,,,,,,,,,,,,,,,,,,,
ad86737effef4a0c,,not_found,,,,,,,,,,,,,,,,,,,,,,,,,,,,,,,,,,
d7df7a127f270d36,,not_found,,,,,,,,,,,,,,,,,,,,,,,,,,,,,,,,,,
abc9c2bf7a2ae587,,not_found,,,,,,,,,,,,,,,,,,,,,,,,,,,,,,,,,,
80731e64e173941e,,not_found,,,,,,,,,,,,,,,,,,,,,,,,,,,,,,,,,,
88c8cf54f4ed766a,,not_found,,,,,,,,,,,,,,,,,,,,,,,,,,,,,,,,,,
a39ef364a2e2a3d7,,not_found,,,,,,,,,,,,,,,,,,,,,,,,,,,,,,,,,,
3ca4e6cca6ed9942,,not_found,,,,,,,,,,,,,,,,,,,,,,,,,,,,,,,,,,
86a244114eb68b21,,not_found,,,,,,,,,,,,,,,,,,,,,,,,,,,,,,,,,,
aaa00ec24225f169,,not_found,,,,,,,,,,,,,,,,,,,,,,,,,,,,,,,,,,
a4d425c4871a3688,,not_found,,,,,,,,,,,,,,,,,,,,,,,,,,,,,,,,,,
,,,,,,,,,,,,,,,,,,,,,,,,,,,,,,,,,,,,
c9bde5962bda097d,,not_found,,,,,,,,,,,,,,,,,,,,,,,,,,,,,,,,,,
4493fd4d25606dc4,,not_found,,,,,,,,,,,,,,,,,,,,,,,,,,,,,,,,,,
6be888ad0194c664,,not_found,,,,,,,,,,,,,,,,,,,,,,,,,,,,,,,,,,
4cc0d1bbc360d29d,,not_found,,,,,,,,,,,,,,,,,,,,,,,,,,,,,,,,,,
821a1291347b7bdb,,not_found,,,,,,,,,,,,,,,,,,,,,,,,,,,,,,,,,,
23b4c62f20c541be,,not_found,,,,,,,,,,,,,,,,,,,,,,,,,,,,,,,,,,
7d0e5383cd0c4ae5,,not_found,,,,,,,,,,,,,,,,,,,,,,,,,,,,,,,,,,
6f25b19dffb3194d,,not_found,,,,,,,,,,,,,,,,,,,,,,,,,,,,,,,,,,
e814eba04dfb0837,,not_found,,,,,,,,,,,,,,,,,,,,,,,,,,,,,,,,,,
202898fa4b53aa00,,not_found,,,,,,,,,,,,,,,,,,,,,,,,,,,,,,,,,,
,,,,,,,,,,,,,,,,,,,,,,,,,,,,,,,,,,,,
7ec7dc5bbdd2c259,,not_found,,,,,,,,,,,,,,,,,,,,,,,,,,,,,,,,,,
fad5b9b115720df0,,not_found,,,,,,,,,,,,,,,,,,,,,,,,,,,,,,,,,,
233accd97604ce75,,not_found,,,,,,,,,,,,,,,,,,,,,,,,,,,,,,,,,,
c9452a8f8ed3dcc8,,not_found,,,,,,,,,,,,,,,,,,,,,,,,,,,,,,,,,,
68edc073e98c0603,,not_found,,,,,,,,,,,,,,,,,,,,,,,,,,,,,,,,,,
6a36b410fcca995a,,not_found,,,,,,,,,,,,,,,,,,,,,,,,,,,,,,,,,,
df5ee8eba513f57c,,not_found,,,,,,,,,,,,,,,,,,,,,,,,,,,,,,,,,,
ed63d19a5de4e993,,not_found,,,,,,,,,,,,,,,,,,,,,,,,,,,,,,,,,,
d1bf2ce698158521,,not_found,,,,,,,,,,,,,,,,,,,,,,,,,,,,,,,,,,
973d0cde9f3d0a59,,not_found,,,,,,,,,,,,,,,,,,,,,,,,,,,,,,,,,,
,,,,,,,,,,,,,,,,,,,,,,,,,,,,,,,,,,,,
0223ab46717dde77,,not_found,,,,,,,,,,,,,,,,,,,,,,,,,,,,,,,,,,
86aa9a7d9787077e,,not_found,,,,,,,,,,,,,,,,,,,,,,,,,,,,,,,,,,
f0a0c871c21d7202,,not_found,,,,,,,,,,,,,,,,,,,,,,,,,,,,,,,,,,
c4d3cb082d7617ec,,not_found,,,,,,,,,,,,,,,,,,,,,,,,,,,,,,,,,,
ed9c8f57acd56d61,d8961627-2f65-46a9-bc4f-feca60a9ee98,public,0.5714,179,2022-02-20T14:16:51.000Z,4.49,,,,3,75.8036,62.5516,68.0047,0.182,0.0142,0.0512,0.0383,18.336,38.4302,9.8916,647.2805,38.9354,80.9842,34.0761,47.5595,48.3279,55.7103,46.0361,0.3054,56.8061,12.7747,11.5575,6.0847,333.8937,100,0
84891daab05f0cb8,,not_found,,,,,,,,,,,,,,,,,,,,,,,,,,,,,,,,,,
e3c9b36f02b2bcab,,not_found,,,,,,,,,,,,,,,,,,,,,,,,,,,,,,,,,,
8dcb3180e875168a,,not_found,,,,,,,,,,,,,,,,,,,,,,,,,,,,,,,,,,
1833dcbebe8f1725,,not_found,,,,,,,,,,,,,,,,,,,,,,,,,,,,,,,,,,
